{"cameraMode":{"drawMode":0,"name":"Shaded","section":"Shading Mode"},"sceneLighting":true,"audioPlay":false,"sceneViewState":{"showFog":true,"showMaterialUpdate":false,"showSkybox":true,"showFlares":true,"showImageEffects":true,"showParticleSystems":true},"in2DMode":false,"pivot":{"x":-15.841459274291993,"y":52.99266052246094,"z":-8.222908973693848},"rotation":{"x":0.4285731613636017,"y":0.5548381805419922,"z":-0.4053036570549011,"w":0.5866929888725281},"size":20.565073013305665,"orthographic":false}